old_name,new_name
cleaned_image_1790275145201_1.png,韓國迷你杏鮑菇 300g __export__.product_template_7619_7aec21f8.png
cleaned_image_1790275145204_2.png,台灣金滑菇250g __export__.product_template_7640_3ada5fcc.png
cleaned_image_1790275145208_3.png,台灣鳳梨 __export__.product_template_7630_3ce12d0e.png
cleaned_image_1790275145211_4.png,韓國杏鮑菇 400g __export__.product_template_7618_67440458.png
cleaned_image_1790275145214_5.png,韓國迷你彩椒(3色) 250g __export__.product_template_7627_0685880a.png
cleaned_image_1790275724516_1.png,韓國金菇 200g __export__.product_template_7617_73274d9e.png
cleaned_image_1790275724521_2.png,台灣秀珍菇150g __export__.product_template_7644_fce8b360.png
cleaned_image_1790275724526_3.png,韓國新高梨 (批發市場) __export__.product_template_7616_9fac129c.png
cleaned_image_1790275724530_4.png,韓國馬鈴薯 900g __export__.product_template_7624_c9f2cd0f.png
cleaned_image_1790275724533_5.png,日本洋蔥 __export__.product_template_7653_6ff2b6fc.png
cleaned_image_1790277473832_1.png,台灣鴻喜菇120g __export__.product_template_7647_e9f2e130.png
cleaned_image_1790277473836_2.png,韓國精選蕃薯500g (批發市場) __export__.product_template_7628_2c175499.png
cleaned_image_1790277473839_3(1).png,台灣雙享菇150g __export__.product_template_7649_f6ef2911.png
cleaned_image_1790277473839_3(2).png,台灣鮮香菇150g __export__.product_template_7643_4d700865.png
cleaned_image_1790277473839_3.png,台灣金菇200g __export__.product_template_7641_3384d443.png
cleaned_image_1790277473843_4.png,日本日本蕃薯800g __export__.product_template_7652_6c169b93.png
cleaned_image_1790277473846_5.png,日本牛蒡(袋裝) __export__.product_template_7650_782545bb.png
cleaned_image_1790283380159_1.png,韓國翠玉瓜 __export__.product_template_7621_573969a8.png
cleaned_image_1790283380164_2.png,台灣紅肉火龍果 __export__.product_template_7635_25bad2fb.png
cleaned_image_1790283380169_3.png,台灣紅龍楊桃 __export__.product_template_7636_58a21ba8.png
cleaned_image_1790285946899_1.png,韓國燈籠椒 (3個裝) __export__.product_template_7626_e999e468.png
cleaned_image_1790285946902_2.png,台灣網紋瓜 __export__.product_template_7632_02670a0c.png
cleaned_image_1790285946905_3.png,韓國韓國香印提子 __export__.product_template_7614_d6727add.png
cleaned_image_1790285946911_4.png,台灣哈密​​瓜 __export__.product_template_7631_561d94e2.png
cleaned_image_1790285946916_5.png,台灣甜美人西瓜 __export__.product_template_7634_3f10c628.png
enhanced_Copy of Korean Kyoho Grape 250g.jpg,韓國巨峰提子 250g __export__.product_template_7613_0f427e6f.jpg
enhanced_Copy of Korean peppers 2_s.jpg,韓國燈籠椒 (2個裝) __export__.product_template_7625_ce91c2bb.jpg
enhanced_Copy of Korean Pumpkin.jpg,韓國南瓜 (批發市場) __export__.product_template_7622_b63f000a.jpg
enhanced_Copy of Korean sesame leaves 30g(1).jpg,韓國芝麻葉 30g __export__.product_template_7623_ad3f0adf.jpg
enhanced_Copy of Korean Watermelon.jpg,韓國小西瓜 __export__.product_template_7615_657d123d.jpg
enhanced_Copy of Tawian Kyoho Grape 500g(1).jpg,台灣巨峰提子 500g __export__.product_template_7629_ea48429d.jpg
enhanced_Hydroponic Green Butter Lettuce.png 的副本.png,水耕綠牛油生菜 __export__.product_template_7843_61573f16.png
enhanced_Hydroponic Kale.png 的副本.png,水耕羽衣甘藍 __export__.product_template_7842_dfb630af.png
enhanced_Hydroponic Red Butter Lettuce.png 的副本.png,水耕紅牛油生菜 __export__.product_template_7844_0657b69f.png
enhanced_Hydroponic Rocket Kale Salad.png 的副本.png,水耕火箭羽衣甘藍沙律雜菜 __export__.product_template_7840_eeded832.png
enhanced_Hydroponic Salad Combo Mix.png 的副本.png,水耕沙律雜菜(特色） __export__.product_template_7841_424680af.png
enhanced_Hydroponic Salad Mix.png 的副本.png,水耕沙律雜菜 __export__.product_template_7839_b8121e9a.png
enhanced_Hydroponic Frisee Lettuce.png 的副本.png,水耕沙律雜菜(特色） __export__.product_template_7841_424680af_2.png
enhanced_全新胡蘿蔔產品相（共）.png 的副本.png,有機胡蘿蔔 __export__.product_template_7868_cc7858e0.png
enhanced_有機上海青產品相（共）.png 的副本.png,有機上海青 __export__.product_template_7848_7c5fcb11.png
enhanced_有機刺青瓜.png 的副本.png,有機小青瓜 __export__.product_template_7870_1a96d13b.png
enhanced_有機大番茄產品相（共）.png 的副本.png,有機大番茄 __export__.product_template_7869_17b138b8.png
enhanced_有機奶白菜.png 的副本.png,有機奶白菜 __export__.product_template_7851_3228a496.png
enhanced_有機奶白菜產品相（共）.png 的副本(1).png,有機奶白菜 __export__.product_template_7865_07234215.png
enhanced_有機奶白菜產品相（共）.png 的副本.png,有機奶白菜 __export__.product_template_7865_07234215_2.png
enhanced_有機娃娃菜產品相（共）.png 的副本.png,有機娃娃菜 __export__.product_template_7872_02fdb703.png
enhanced_有機學斗白產品相（共）.png 的副本.png,有機學鬥奶白菜 __export__.product_template_7850_e18fbfa0.png
enhanced_有機小青瓜.png 的副本.png,有機小青瓜 __export__.product_template_7870_1a96d13b_2.png
enhanced_有機油麥菜.png 的副本.png,有機油麥菜 __export__.product_template_7849_ae07376c.png
enhanced_有機油麥菜產品相（共）.png 的副本(1).png,有機油麥菜 __export__.product_template_7849_ae07376c_2.png
enhanced_有機油麥菜產品相（共）.png 的副本.png,有機油麥菜 __export__.product_template_7849_ae07376c_3.png
enhanced_有機生菜.png 的副本.png,有機生菜 __export__.product_template_7852_cecd5aa7.png
enhanced_有機生菜產品相（共）.png 的副本(1).png,有機生菜 __export__.product_template_7862_05700f7d.png
enhanced_有機小青瓜產品相（共）.png 的副本.png,有機小青瓜 __export__.product_template_7870_1a96d13b_3.png
enhanced_有機杭白菜.png 的副本.png,有機杭白菜 __export__.product_template_7853_7ddb3ef3.png
enhanced_有機生菜產品相（共）.png 的副本.png,有機生菜 __export__.product_template_7852_cecd5aa7_2.png
enhanced_有機白菜仔.png 的副本.png,水耕白菜仔 __export__.product_template_7816_d8cadfd6.png
enhanced_有機皇帝菜產品相（共）.png 的副本.png,有機菠菜 __export__.product_template_7854_b33a04b6.png
enhanced_有機粟米.png 的副本.png,有機甜玉米 __export__.product_template_7855_7b4d589f.png
enhanced_有機紅莧菜產品相（共）.png 的副本.png,有機菠菜 __export__.product_template_7867_141869ef.png
enhanced_有機芥蘭.png 的副本.png,有機芥蘭 __export__.product_template_7847_b110c75f.png
enhanced_有機菜心.png 的副本.png,有機菜心 __export__.product_template_7846_edcea7b6.png
enhanced_有機西蘭花產品相（共）.png 的副本(1).png,有機西蘭花 __export__.product_template_7858_82bd8911.png
enhanced_有機菜心產品相（共）.png 的副本.png,有機菜心 __export__.product_template_7860_f74eb324.png
enhanced_有機菠菜.jpeg 的副本.png,有機菠菜 __export__.product_template_7867_141869ef_2.png
enhanced_有機菠菜.png 的副本.png,有機菠菜 __export__.product_template_7854_b33a04b6_2.png
enhanced_有機蕃茄.png 的副本.png,有機番茄 __export__.product_template_7856_4c21d40e.png
enhanced_有機蕃薯葉產品相（共）.png 的副本.png,有機蕃薯葉 __export__.product_template_7861_de8de604.png
enhanced_有機西蘭花.png 的副本.png,有機西蘭花 __export__.product_template_7858_82bd8911_2.png
enhanced_有機西蘭花產品相（共）.png 的副本.png,有機西蘭花 __export__.product_template_7871_bfd8aab0.png
enhanced_有機韭菜產品相（共）.png 的副本.png,有機韭菜 __export__.product_template_7863_eb2589b5.png
enhanced_有機黃瓜產品相（共）.png 的副本.png,有機黃瓜 __export__.product_template_7859_e0e269d1.png
enhanced_水耕刁草.png 的副本.png,水耕刁草 __export__.product_template_7832_da944ea0.png
enhanced_水耕小青瓜-2.jpg 的副本(1).png,水耕小青瓜 __export__.product_template_7820_1a661e86.png
enhanced_水耕小青瓜-2.jpg 的副本.png,水耕小青瓜 __export__.product_template_7820_1a661e86_2.png
enhanced_水耕有枝車厘茄-1.jpg 的副本.png,水耕有枝車厘茄 __export__.product_template_7821_f2e75509.png
enhanced_水耕檸檬葉.png 的副本.png,水耕檸檬葉 __export__.product_template_7837_115c6f3b.png
enhanced_水耕生菜-2.jpg 的副本(1).png,水耕生菜 __export__.product_template_7819_7262504d.png
enhanced_水耕生菜-2.jpg 的副本.png,水耕生菜 __export__.product_template_7819_7262504d_2.png
enhanced_水耕白菜-4.jpg 的副本(1).png,水耕白菜 __export__.product_template_7815_02132ee6.png
enhanced_水耕白菜-4.jpg 的副本.png,水耕白菜 __export__.product_template_7815_02132ee6_2.png
enhanced_水耕白菜仔-1.jpg 的副本(1).png,水耕白菜仔 __export__.product_template_7816_d8cadfd6_2.png
enhanced_水耕白菜仔-1.jpg 的副本.png,水耕白菜仔 __export__.product_template_7816_d8cadfd6_3.png
enhanced_水耕百里香.png 的副本.png,水耕百里香 __export__.product_template_7838_a0257f04.png
enhanced_水耕粟米-2.jpg 的副本.png,水耕粟米 __export__.product_template_7825_68323410.png
enhanced_水耕紫蘇.png 的副本.png,水耕紫蘇葉 __export__.product_template_7836_fef6aac6.png
enhanced_水耕綠色車厘茄-2.jpg 的副本(1).png,水耕綠色車厘茄 __export__.product_template_7828_caf292d5.png
enhanced_水耕綠色車厘茄-2.jpg 的副本.png,水耕綠色車厘茄 __export__.product_template_7828_caf292d5_2.png
enhanced_水耕羅勒.png 的副本.png,水耕羅勒 __export__.product_template_7831_697f3b86.png
enhanced_水耕芥蘭-5.jpg 的副本.png,水耕芥蘭 __export__.product_template_7818_9f3dbd41.png
enhanced_水耕菜心-2.jpg 的副本(1).png,水耕菜心 __export__.product_template_7814_52305abe.png
enhanced_水耕菜心-2.jpg 的副本.png,水耕菜心 __export__.product_template_7814_52305abe_2.png
enhanced_水耕蕃茄-3.jpg 的副本(1).png,水耕蕃茄 __export__.product_template_7823_354031e5.png
enhanced_水耕蕃茄-3.jpg 的副本.png,水耕蕃茄 __export__.product_template_7823_354031e5_2.png
enhanced_水耕蕃茜.png 的副本.png,水耕番西 __export__.product_template_7834_3d8b2912.png
enhanced_水耕薄荷葉.png 的副本.png,水耕薄荷葉 __export__.product_template_7833_d569170f.png
enhanced_水耕西蘭花-3.jpg 的副本(1).png,水耕西蘭花 __export__.product_template_7826_1bdb09bf.png
enhanced_水耕西蘭花-3.jpg 的副本.png,水耕西蘭花 __export__.product_template_7826_1bdb09bf_2.png
enhanced_水耕迷你甜椒-3.jpg 的副本.png,水耕迷你甜椒 __export__.product_template_7822_1ceee2df.png
enhanced_水耕迷迭香.png 的副本.png,水耕迷迭香 __export__.product_template_7835_65c8bd19.png
enhanced_水耕雜色車厘茄-4.jpg 的副本.png,水耕雜色車厘茄 __export__.product_template_7827_12deda99.png
enhanced_水耕青瓜-3.jpg 的副本.png,水耕青瓜 __export__.product_template_7824_ffe82f70.png
enhanced_水耕黃色車厘茄-2.jpg 的副本(1).png,水耕黃色車厘茄 __export__.product_template_7830_15c961ba.png
enhanced_水耕黃色車厘茄-2.jpg 的副本.png,水耕黃色車厘茄 __export__.product_template_7830_15c961ba_2.png
enhanced_水耕黑色車厘茄-2.jpg 的副本(1).png,水耕黑色車厘茄 __export__.product_template_7829_2a2d0729.png
enhanced_水耕黑色車厘茄-2.jpg 的副本.png,水耕黑色車厘茄 __export__.product_template_7829_2a2d0729_2.png
cleaned_image_1790283380174_4.png,台灣文旦柚 __export__.product_template_7637_39728881.png
cleaned_image_1790283380178_5.png,台灣黃肉小西瓜 __export__.product_template_7633_02c36100.png
cleaned_image_1790285367607_1.png,台灣杏鮑菇200g __export__.product_template_7646_3ee97483.png
cleaned_image_1790285367610_2.png,台灣雪白菇120g __export__.product_template_7648_e2ea01f6.png
cleaned_image_1790285367614_3.png,台灣黑木耳200g __export__.product_template_7645_d22740f1.png
cleaned_image_1790285367617_4.png,台灣黑蠔菇150g __export__.product_template_7642_a43968dc.png
cleaned_image_1790285367620_5.png,台灣甜玉米550g __export__.product_template_7639_2196be9d.png
enhanced_Copy of Korean peppers 2_s(1).jpg,韓國燈籠椒 (2個裝) __export__.product_template_7625_ce91c2bb_2.jpg
enhanced_Copy of Korean sesame leaves 30g.jpg,韓國芝麻葉 30g __export__.product_template_7623_ad3f0adf_2.jpg
enhanced_Copy of Tawian Kyoho Grape 500g.jpg,台灣巨峰提子 500g __export__.product_template_7629_ea48429d_2.jpg
enhanced_全新胡蘿蔔產品相（共）.png 的副本(1).png,有機胡蘿蔔 __export__.product_template_7868_cc7858e0_2.png
enhanced_有機上海青.png 的副本.png,有機上海青 __export__.product_template_7848_7c5fcb11_2.png
enhanced_有機上海青產品相（共）.png 的副本(1).png,有機上海青 __export__.product_template_7866_8204fbe3.png
enhanced_有機大番茄產品相（共）.png 的副本(1).png,有機大番茄 __export__.product_template_7869_17b138b8_2.png